<?xml version="1.0" encoding="UTF-8"?>
<project-private xmlns="http://www.netbeans.org/ns/project-private/1">
    <editor-bookmarks xmlns="http://www.netbeans.org/ns/editor-bookmarks/2" lastBookmarkId="0"/>
    <open-files xmlns="http://www.netbeans.org/ns/projectui-open-files/2">
        <group>
            <file>file:/C:/Users/Jessica/Documents/CETI/8vo/Programación%20Avanzada/Avanzada/Parcial%201/Matrices/src/matrices/Manipular_Datos.java</file>
            <file>file:/C:/Users/Jessica/Documents/CETI/8vo/Programación%20Avanzada/Avanzada/Parcial%201/Matrices/src/matrices/Matrices.java</file>
            <file>file:/C:/Users/Jessica/Documents/CETI/8vo/Programación%20Avanzada/Avanzada/Parcial%201/Matrices/src/matrices/Operaciones.java</file>
        </group>
    </open-files>
</project-private>
